Accuracy,Precision,Recall,CM TrueNeg,CM FalsePos,CM FalseNeg,CM TruePos
0.4262295081967213,0.47058823529411764,0.48484848484848486,10,18,17,16
