Accuracy,Precision,Recall,CM TrueNeg,CM FalsePos,CM FalseNeg,CM TruePos
0.4940102681118083,0.3553072625698324,0.5063694267515924,548,577,310,318
